Nazwa,ncomp,sep,sep err,dsep,dsep err,frac,frac err,nu_low,nu_high,zrodlo,uwaga
J0134-2937,2,5.3444,0.1103,-0.7521,0.1106,-0.14073,0.02090,1022.8,1538.4,stare,"kampania 1, przeglad reczny 2026-09-16"
J0151-0635,2,24.2641,0.1432,-1.0862,0.0548,-0.04477,0.00227,949.3,1630.5,stare,"kampania 1, przeglad reczny 2026-09-16"
J0152-1637,2,4.2363,0.1361,0.1427,0.1266,0.03369,0.02990,1022.7,1537.9,auto,"wsad 2026-09-17, przeszedl bramki automatyczne"
J0255-5304,2,3.9097,0.0907,0.1018,0.0182,0.02604,0.00469,1022.8,1540.3,auto,"wsad 2026-09-17, przeszedl bramki automatyczne"
J0304+1932,2,7.6163,0.0485,-0.6223,0.0211,-0.08171,0.00282,1023.1,1537.7,stare,"kampania 1, przeglad reczny 2026-09-16"
J0401-7608,2,7.6182,0.6315,1.2841,1.4619,0.16856,0.19240,1022.8,1538.6,przeglad,"wsad 2026-09-17, przeglad sladow mu: slady rozdzielone 20 binow stabilne"
J0421-0345,2,2.6918,0.2532,0.0863,0.1827,0.03206,0.06794,1023.2,1533.8,przeglad,"wsad 2026-09-17, przeglad sladow mu: czyste po odrzuceniu pulsu 2"
J0459-0210,2,5.0716,0.2307,-0.5265,0.2973,-0.10381,0.05881,1022.8,1535.8,stare,"kampania 1, przeglad reczny 2026-09-16"
J0517+2212,2,31.1817,0.1895,0.5031,0.3012,0.01613,0.00966,949.5,1626.4,auto,"wsad 2026-09-17, przeszedl bramki automatyczne"
J0520-2553,2,11.7064,0.3987,0.0357,0.5629,0.00305,0.04808,1022.6,1539.7,przeglad,"wsad 2026-09-17, przeglad sladow mu: czyste po odrzuceniu pulsu 7"
J0525+1115,2,8.3976,0.1078,-0.3206,0.1136,-0.03818,0.01354,1022.8,1538.6,auto,"wsad 2026-09-17, przeszedl bramki automatyczne"
J0536-7543,2,10.0044,0.2124,-0.7734,0.3438,-0.07731,0.03440,1023.6,1537.0,auto,"wsad 2026-09-17, przeszedl bramki automatyczne"
J0601-0527,2,9.5521,0.0560,-0.2558,0.0426,-0.02678,0.00446,1022.8,1538.2,auto,"wsad 2026-09-17, przeszedl bramki automatyczne"
J0624-0424,2,9.1403,0.1638,-1.4129,0.1640,-0.15458,0.01816,1022.8,1540.3,auto,"wsad 2026-09-17, przeszedl bramki automatyczne"
J0629+2415,2,3.8682,0.0746,0.1645,0.1466,0.04253,0.03791,949.5,1627.8,auto,"wsad 2026-09-17, przeszedl bramki automatyczne"
J0725-1635,2,3.9503,0.0632,0.0921,0.0837,0.02331,0.02119,1022.8,1540.4,przeglad,"wsad 2026-09-17, przeglad sladow mu: czyste po odrzuceniu 10-11"
J0729-1836,2,7.2865,0.3369,-0.1035,0.0630,-0.01420,0.00867,1022.7,1540.4,stare,"kampania 1, przeglad reczny 2026-09-16"
J0738-4042,3,15.3358,0.1307,-1.2170,0.0662,-0.07936,0.00437,1022.7,1540.5,stare,"kampania 1, przeglad reczny 2026-09-16"
J0758-1528,2,2.0568,0.2373,-0.0531,0.0646,-0.02582,0.03155,1023.1,1538.3,przeglad,"wsad 2026-09-17, przeglad sladow mu: stabilne po odrzuceniu 3 i 10"
J0818-3232,2,3.2110,0.0236,-0.2976,0.0317,-0.09268,0.00990,1023.2,1531.9,stare,"kampania 1, przeglad reczny 2026-09-16"
J0820-1350,2,3.5858,0.1281,-0.0477,0.0123,-0.01330,0.00346,1022.8,1537.0,przeglad,"wsad 2026-09-17, przeglad sladow mu: gladki dryf po odrzuceniu pierwszych 4 pulsow"
J0820-4114,2,54.5472,0.5308,-2.5700,0.3861,-0.04712,0.00709,1022.3,1539.8,stare,"kampania 1, przeglad reczny 2026-09-16"
J0837+0610,2,4.6382,0.0295,0.2788,0.0349,0.06011,0.00753,1023.1,1523.2,stare,"kampania 1, przeglad reczny 2026-09-16"
J0855-3331,2,3.4283,0.0313,0.0542,0.0377,0.01581,0.01100,1023.2,1533.1,auto,"wsad 2026-09-17, przeszedl bramki automatyczne"
J0902-6325,2,4.3302,0.1757,0.9024,0.7077,0.20840,0.16365,1022.7,1538.8,przeglad,"wsad 2026-09-17, przeglad sladow mu: czyste po odrzuceniu pulsu 7"
J0904-4246,2,5.7172,0.1432,-0.0335,0.0715,-0.00586,0.01251,1022.8,1521.3,przeglad,"wsad 2026-09-17, przeglad sladow mu: 28 z 29 pulsow oba pasma zgodne"
J0905-5127,2,5.0603,0.0883,0.3684,0.1589,0.07280,0.03143,1022.8,1539.8,przeglad,"wsad 2026-09-17, przeglad sladow mu: czyste 764 i 750"
J0907-5157,3,42.2573,0.4009,-1.6008,0.4975,-0.03788,0.01178,1022.6,1541.2,stare,"kampania 1, przeglad reczny 2026-09-16"
J0924-5302,2,4.4656,0.1032,-0.0709,0.0632,-0.01588,0.01416,1022.8,1515.3,auto,"wsad 2026-09-17, przeszedl bramki automatyczne"
J0955-5304,2,4.9523,0.0974,0.0394,0.1226,0.00796,0.02476,1022.8,1531.7,przeglad,"wsad 2026-09-17, przeglad sladow mu: czyste po odrzuceniu pulsu 3"
J1001-5507,2,2.5871,0.0351,0.0240,0.0695,0.00928,0.02686,1022.7,1538.2,auto,"wsad 2026-09-17, przeszedl bramki automatyczne"
J1001-5559,2,4.6285,0.1091,-0.1026,0.2140,-0.02217,0.04624,1023.2,1539.3,stare,"kampania 1, przeglad reczny 2026-09-16"
J1001-5939,2,4.2393,0.0164,-0.4128,0.0316,-0.09737,0.00746,949.3,1650.4,stare,"kampania 1, przeglad reczny 2026-09-16"
J1013-5934,2,20.5301,0.0588,-0.5444,0.1119,-0.02652,0.00545,1021.7,1504.7,przeglad,"wsad 2026-09-17, przeglad sladow mu: plaskie 543 i 485"
J1017-5621,3,5.4231,0.1119,0.7484,0.2136,0.13800,0.03949,1022.5,1541.1,stare,"kampania 1, przeglad reczny 2026-09-16"
J1041-1942,3,10.3484,0.0414,-0.4850,0.0224,-0.04687,0.00217,1022.6,1528.6,stare,"kampania 1, przeglad reczny 2026-09-16"
J1042-5521,2,4.0771,0.2908,-0.0097,0.0874,-0.00238,0.02144,1022.1,1539.1,auto,"wsad 2026-09-17, przeszedl bramki automatyczne"
J1048-5832,2,10.1549,0.1245,-0.9341,0.1440,-0.09199,0.01423,949.5,1632.9,przeglad,"wsad 2026-09-17, przeglad sladow mu: dwa czyste rozdzielone slady"
J1057-5226,3,20.7719,0.0199,0.0763,0.0396,0.00367,0.00191,1022.3,1540.3,stare,"kampania 1, przeglad reczny 2026-09-16"
J1059-5742,2,2.2294,0.1945,-0.0290,0.1031,-0.01301,0.04626,1022.6,1534.0,przeglad,"wsad 2026-09-17, przeglad sladow mu: stabilne po odrzuceniu pulsow 4-5"
J1110-5637,2,9.6647,0.0421,-0.4662,0.0506,-0.04824,0.00524,1022.7,1531.1,stare,"kampania 1, przeglad reczny 2026-09-16"
J1112-6926,2,6.3356,0.0648,0.2699,0.0830,0.04260,0.01311,1019.6,1536.2,stare,"kampania 1, przeglad reczny 2026-09-16"
J1119-7936,2,4.3717,0.0447,-0.3687,0.0542,-0.08434,0.01243,1020.9,1526.3,stare,"kampania 1, przeglad reczny 2026-09-16"
J1123-4844,2,9.1630,0.0682,-0.7791,0.0764,-0.08503,0.00836,1022.8,1539.3,stare,"kampania 1, przeglad reczny 2026-09-16"
J1137-6700,2,40.1240,0.6223,-4.1748,0.7878,-0.10405,0.01970,1022.7,1538.5,stare,"kampania 1, przeglad reczny 2026-09-16"
J1146-6030,2,7.6155,0.0959,0.5756,0.0814,0.07558,0.01073,1022.8,1539.1,przeglad,"wsad 2026-09-17, przeglad sladow mu: czyste 531 i 511"
J1148-5725,2,3.1811,0.0396,-0.0146,0.0866,-0.00459,0.02722,949.5,1657.1,auto,"wsad 2026-09-17, przeszedl bramki automatyczne"
J1210-5559,2,4.6942,0.0115,-0.0578,0.0157,-0.01231,0.00334,1022.8,1539.8,auto,"wsad 2026-09-17, przeszedl bramki automatyczne"
J1220-6318,2,15.5883,0.6039,-0.5423,0.6935,-0.03479,0.04451,1022.7,1536.2,przeglad,"wsad 2026-09-17, przeglad sladow mu: czyste po odrzuceniu pulsu 3"
J1224-6407,2,5.1282,0.0405,0.9222,0.0457,0.17983,0.00902,1022.8,1540.4,stare,"kampania 1, przeglad reczny 2026-09-16"
J1225-6408,2,8.6367,0.0690,0.1381,0.0834,0.01599,0.00966,1022.5,1539.7,przeglad,"wsad 2026-09-17, przeglad sladow mu: czyste 521 i 497"
J1231-4609,2,10.9454,0.1858,-0.0070,0.2749,-0.00064,0.02512,1022.8,1529.5,przeglad,"wsad 2026-09-17, przeglad sladow mu: red plaskie blue z umiarkowanym rozrzutem"
J1236-5033,2,7.6387,0.1975,-1.2522,0.3865,-0.16393,0.05077,1023.2,1539.1,stare,"kampania 1, przeglad reczny 2026-09-16"
J1239+2453,2,8.0258,0.1046,-0.5426,0.0872,-0.06761,0.01090,949.5,1648.7,stare,"kampania 1, przeglad reczny 2026-09-16"
J1243-6423,2,2.6017,0.0405,-0.0876,0.0421,-0.03367,0.01619,1022.8,1540.2,przeglad,"wsad 2026-09-17, przeglad sladow mu: dwa stabilne slady rozdzielone 8 binow"
J1245-6238,2,6.2876,0.0708,0.4188,0.1134,0.06661,0.01805,949.5,1639.3,stare,"kampania 1, przeglad reczny 2026-09-16"
J1246+2253,2,3.4504,0.4318,0.2004,0.3133,0.05808,0.09109,949.5,1632.2,przeglad,"wsad 2026-09-17, przeglad sladow mu: oba pasma zgodne"
J1248-6444,2,10.3502,0.1786,-0.1184,0.1982,-0.01144,0.01915,1022.8,1539.7,auto,"wsad 2026-09-17, przeszedl bramki automatyczne"
J1303-6305,2,2.8466,0.1669,-0.7123,0.2858,-0.25023,0.10147,949.5,1633.7,auto,"wsad 2026-09-17, przeszedl bramki automatyczne"
J1320-3512,2,3.3078,0.3047,-0.2024,0.5939,-0.06119,0.17963,1021.1,1540.3,przeglad,"wsad 2026-09-17, przeglad sladow mu: stabilne po odrzuceniach"
J1324-6302,2,6.6938,0.0537,0.0325,0.1012,0.00486,0.01512,949.5,1636.5,auto,"wsad 2026-09-17, przeszedl bramki automatyczne"
J1326-6700,3,23.2473,0.0925,-2.3342,0.0890,-0.10041,0.00385,1022.8,1541.0,stare,"kampania 1, przeglad reczny 2026-09-16"
J1345-6115,2,5.6380,0.0319,-0.1346,0.0256,-0.02387,0.00454,1036.0,1540.6,stare,"kampania 1, przeglad reczny 2026-09-16"
J1402-5124,2,4.0218,0.1296,-0.8236,0.1503,-0.20478,0.03795,949.5,1629.3,auto,"wsad 2026-09-17, przeszedl bramki automatyczne"
J1403-7646,2,9.6171,0.1145,-0.4399,0.1638,-0.04574,0.01704,1022.9,1536.7,auto,"wsad 2026-09-17, przeszedl bramki automatyczne"
J1410-7404,2,1.3622,0.0252,0.0681,0.0504,0.04999,0.03701,1022.2,1540.4,auto,"wsad 2026-09-17, przeszedl bramki automatyczne"
J1414-6802,2,4.6474,0.4140,-0.3506,0.2027,-0.07544,0.04413,949.5,1638.9,stare,"kampania 1, przeglad reczny 2026-09-16"
J1416-6037,2,10.0581,0.3155,-0.6620,0.3845,-0.06582,0.03828,1022.8,1541.0,stare,"kampania 1, przeglad reczny 2026-09-16"
J1418-3921,2,5.2493,0.1564,-0.4004,0.2492,-0.07628,0.04753,1022.8,1539.0,auto,"wsad 2026-09-17, przeszedl bramki automatyczne"
J1424-5822,2,6.9642,0.1060,-0.4304,0.1804,-0.06180,0.02592,1022.8,1541.1,przeglad,"wsad 2026-09-17, przeglad sladow mu: czyste po odrzuceniu pulsu 5"
J1427-4158,2,2.8236,0.0452,-0.0886,0.0787,-0.03138,0.02788,949.5,1630.7,stare,"kampania 1, przeglad reczny 2026-09-16"
J1430-6623,2,3.4801,0.0849,-1.0738,0.1032,-0.30855,0.03059,1022.5,1539.7,stare,"kampania 1, przeglad reczny 2026-09-16"
J1449-5846,2,10.5338,0.4155,1.5919,0.8276,0.15112,0.07879,953.0,1632.3,przeglad,"wsad 2026-09-17, przeglad sladow mu: blue plaskie red dashed z pikami ale slad trzyma"
J1502-6128,2,8.8992,0.8600,-1.7460,0.9513,-0.19620,0.10857,1022.1,1540.4,stare,"kampania 1, przeglad reczny 2026-09-16"
J1512-5431,2,13.2779,0.2388,-2.3764,0.3607,-0.17897,0.02736,949.5,1644.0,stare,"kampania 1, przeglad reczny 2026-09-16"
J1514-4834,2,4.3564,0.0920,0.1743,0.0485,0.04001,0.01117,1022.2,1540.4,stare,"kampania 1, przeglad reczny 2026-09-16"
J1518-3952,2,12.9218,0.4870,0.7963,0.9816,0.06162,0.07600,1022.8,1540.5,przeglad,"wsad 2026-09-17, przeglad sladow mu: czyste 562 i 527"
J1522-5829,2,7.1104,0.3308,1.4909,0.3954,0.20968,0.05646,1022.8,1524.3,przeglad,"wsad 2026-09-17, przeglad sladow mu: stabilne poza dwoma odrzuconymi pikami"
J1527-3931,2,2.6996,0.0342,-0.2071,0.0421,-0.07672,0.01563,949.3,1637.8,stare,"kampania 1, przeglad reczny 2026-09-16"
J1527-5552,3,8.5875,0.3479,-0.8568,0.6936,-0.09977,0.08087,1022.8,1515.8,stare,"kampania 1, przeglad reczny 2026-09-16"
J1534-5334,2,3.9008,0.2183,-0.0586,0.2127,-0.01502,0.05453,1022.6,1522.4,auto,"wsad 2026-09-17, przeszedl bramki automatyczne"
J1536-3602,2,12.2014,0.1443,-0.5890,0.1150,-0.04827,0.00944,1022.7,1511.8,przeglad,"wsad 2026-09-17, przeglad sladow mu: bardzo czyste 544 i 509"
J1537-4912,2,19.6743,0.4126,0.0509,0.3853,0.00259,0.01958,1020.8,1541.2,przeglad,"wsad 2026-09-17, przeglad sladow mu: umiarkowany rozrzut slady rozdzielone"
J1539-6322,2,8.4279,0.1528,-1.4842,0.2138,-0.17611,0.02557,949.5,1632.6,stare,"kampania 1, przeglad reczny 2026-09-16"
J1543+0929,2,40.7945,0.3068,-2.1603,0.2805,-0.05296,0.00689,1022.8,1539.6,stare,"kampania 1, przeglad reczny 2026-09-16"
J1543-0620,2,1.5645,0.0273,-0.4089,0.0463,-0.26136,0.02994,1022.8,1517.3,auto,"wsad 2026-09-17, przeszedl bramki automatyczne"
J1548-4821,2,20.8231,0.3994,-4.0476,0.7389,-0.19438,0.03568,949.5,1632.4,stare,"kampania 1, przeglad reczny 2026-09-16"
J1555-3134,2,11.7715,0.0836,-1.1076,0.0674,-0.09409,0.00576,1022.2,1540.5,stare,"kampania 1, przeglad reczny 2026-09-16"
J1557-4258,3,13.4453,0.0937,1.1506,0.1875,0.08558,0.01396,1022.5,1541.0,stare,"kampania 1, przeglad reczny 2026-09-16"
J1559-4438,2,12.1356,0.0475,0.7593,0.0808,0.06257,0.00666,1022.7,1541.2,stare,"kampania 1, przeglad reczny 2026-09-16"
J1604-7203,2,14.0511,0.2712,-0.2367,0.3322,-0.01685,0.02364,949.5,1626.4,auto,"wsad 2026-09-17, przeszedl bramki automatyczne"
J1609-4616,2,4.6584,0.0567,-0.3665,0.1035,-0.07868,0.02224,1022.8,1541.0,stare,"kampania 1, przeglad reczny 2026-09-16"
J1612-5805,2,2.5831,0.3385,-0.5267,0.5475,-0.20390,0.21363,1022.2,1540.4,auto,"wsad 2026-09-17, przeszedl bramki automatyczne"
J1613-4714,2,4.8309,0.1042,0.4640,0.1383,0.09605,0.02870,1022.5,1540.5,przeglad,"wsad 2026-09-17, przeglad sladow mu: czyste poza pulsami 11-13"
J1614+0737,2,2.4586,0.1438,0.0151,0.2212,0.00614,0.08997,1022.8,1536.7,przeglad,"wsad 2026-09-17, przeglad sladow mu: czyste po odrzuceniu 8 11 13"
J1615-5444,2,4.0063,0.4080,0.2769,0.4585,0.06912,0.11466,1022.7,1540.9,auto,"wsad 2026-09-17, przeszedl bramki automatyczne"
J1622-4332,2,6.6036,0.1934,-0.3805,0.3952,-0.05762,0.05987,951.3,1633.7,przeglad,"wsad 2026-09-17, przeglad sladow mu: czyste po odrzuceniu pulsu 2"
J1622-4347,2,5.7367,0.0531,0.2580,0.1437,0.04497,0.02505,949.5,1629.7,auto,"wsad 2026-09-17, przeszedl bramki automatyczne"
J1625-4048,2,9.8159,0.1270,0.5802,0.3025,0.05911,0.03083,949.5,1631.5,przeglad,"wsad 2026-09-17, przeglad sladow mu: czyste 516 i 489"
J1632-1013,2,7.1743,0.0763,-0.3292,0.1481,-0.04589,0.02065,949.5,1630.8,auto,"wsad 2026-09-17, przeszedl bramki automatyczne"
J1638-3815,2,20.3808,0.2111,-0.6132,0.1602,-0.03009,0.00787,1022.2,1539.7,stare,"kampania 1, przeglad reczny 2026-09-16"
J1646-6831,2,9.9093,0.2409,-0.2194,0.1502,-0.02214,0.01517,1021.5,1539.1,przeglad,"wsad 2026-09-17, przeglad sladow mu: czyste plaskie slady"
J1648-6044,2,3.3701,0.2027,-0.3460,0.3943,-0.10267,0.11716,949.5,1638.8,przeglad,"wsad 2026-09-17, przeglad sladow mu: czyste 530 i 520"
J1650-1654,2,4.9456,0.1553,-0.0483,0.1042,-0.00977,0.02107,1022.7,1533.3,stare,"kampania 1, przeglad reczny 2026-09-16"
J1651-1709,2,7.2422,0.0408,0.1328,0.0418,0.01834,0.00577,949.5,1630.0,auto,"wsad 2026-09-17, przeszedl bramki automatyczne"
J1651-5222,2,4.5304,0.1251,0.1957,0.0851,0.04320,0.01882,1022.5,1540.7,przeglad,"wsad 2026-09-17, przeglad sladow mu: dwa stabilne slady"
J1651-7642,2,11.4652,0.1611,-1.5560,0.1340,-0.13572,0.01184,1022.4,1538.7,stare,"kampania 1, przeglad reczny 2026-09-16"
J1703-1846,2,2.9976,0.4534,-0.0828,0.0545,-0.02762,0.01866,1022.5,1535.6,przeglad,"wsad 2026-09-17, przeglad sladow mu: stabilne po odrzuceniu pulsow 3-4"
J1703-3241,2,6.2810,0.1117,-0.2553,0.1131,-0.04065,0.01802,1022.4,1534.5,przeglad,"wsad 2026-09-17, przeglad sladow mu: dwa plaskie czyste slady"
J1703-4442,2,6.7321,0.1021,-0.6208,0.1112,-0.09221,0.01658,949.3,1633.1,stare,"kampania 1, przeglad reczny 2026-09-16"
J1705-1906,2,5.8011,0.0621,0.1576,0.0679,0.02717,0.01171,1022.6,1540.4,auto,"wsad 2026-09-17, przeszedl bramki automatyczne"
J1707-4417,2,12.3622,0.1585,-0.5678,0.1591,-0.04593,0.01288,949.3,1641.2,stare,"kampania 1, przeglad reczny 2026-09-16"
J1714-1054,2,11.8583,0.0762,-0.9437,0.0726,-0.07958,0.00614,949.3,1635.2,stare,"kampania 1, przeglad reczny 2026-09-16"
J1717-3425,2,5.5530,0.2917,-4.1205,0.5673,-0.74203,0.10934,1022.7,1540.3,auto,"wsad 2026-09-17, przeszedl bramki automatyczne"
J1720-1633,2,4.3490,0.2436,-0.0327,0.1554,-0.00752,0.03573,1023.1,1535.6,auto,"wsad 2026-09-17, przeszedl bramki automatyczne"
J1720-2933,2,6.2267,0.7040,-0.0372,0.0745,-0.00597,0.01198,1020.6,1541.0,stare,"kampania 1, przeglad reczny 2026-09-16"
J1722-3207,2,5.1090,0.1419,0.0001,0.1433,0.00002,0.02805,1022.5,1540.4,stare,"kampania 1, przeglad reczny 2026-09-16"
J1727-2739,2,18.5341,0.1845,-1.5294,0.1806,-0.08252,0.00978,1022.7,1540.2,stare,"kampania 1, przeglad reczny 2026-09-16"
J1733-3716,2,39.5506,0.4038,-1.8270,0.1659,-0.04619,0.00422,1022.7,1521.3,stare,"kampania 1, przeglad reczny 2026-09-16"
J1740+1311,2,8.6420,0.1297,0.0296,0.1416,0.00343,0.01639,1022.5,1541.2,auto,"wsad 2026-09-17, przeszedl bramki automatyczne"
J1741-0840,2,5.4414,0.1526,-0.4815,0.0787,-0.08849,0.01467,1022.5,1531.7,stare,"kampania 1, przeglad reczny 2026-09-16"
J1744-1610,2,3.3528,0.1161,0.6701,0.2040,0.19986,0.06124,949.5,1632.1,przeglad,"wsad 2026-09-17, przeglad sladow mu: maly ale spojny rozjazd w jednej skladowej"
J1746+2245,2,6.0259,0.2453,0.3907,0.4212,0.06484,0.06995,949.5,1633.1,stare,"kampania 1, przeglad reczny 2026-09-16"
J1748-1300,2,5.8736,0.1399,1.7693,0.1283,0.30123,0.02299,1022.7,1539.7,auto,"wsad 2026-09-17, przeszedl bramki automatyczne"
J1757-2421,3,18.7415,0.1610,1.6374,0.2527,0.08737,0.01350,1022.8,1541.4,stare,"kampania 1, przeglad reczny 2026-09-16"
J1801-2920,3,14.8395,0.0461,-0.4194,0.0528,-0.02826,0.00356,1022.5,1540.3,stare,"kampania 1, przeglad reczny 2026-09-16"
J1803-3329,2,4.1425,0.1293,-0.4405,0.2038,-0.10634,0.04931,949.3,1630.7,stare,"kampania 1, przeglad reczny 2026-09-16"
J1806-1154,2,12.4821,0.1366,-0.4462,0.1780,-0.03575,0.01427,1019.8,1539.3,stare,"kampania 1, przeglad reczny 2026-09-16"
J1807-0847,3,14.6463,0.0611,0.4314,0.1221,0.02945,0.00834,1022.8,1507.6,stare,"kampania 1, przeglad reczny 2026-09-16"
J1808-3249,3,9.6328,0.1615,-0.0575,0.1449,-0.00597,0.01504,1022.7,1541.0,stare,"kampania 1, przeglad reczny 2026-09-16"
J1809-0119,2,3.5019,0.2412,-0.3144,0.1454,-0.08978,0.04198,949.5,1627.9,przeglad,"wsad 2026-09-17, przeglad sladow mu: czyste po odrzuceniu pulsu 4"
J1810-5338,3,21.1523,0.0422,-0.6649,0.0827,-0.03143,0.00391,949.5,1628.5,stare,"kampania 1, przeglad reczny 2026-09-16"
J1811-0154,2,3.7183,0.2361,-0.0093,0.4597,-0.00250,0.12363,1023.2,1540.4,przeglad,"wsad 2026-09-17, przeglad sladow mu: czyste 523 i 512"
J1811-4930,2,3.3273,0.3589,-0.7855,0.1748,-0.23608,0.05838,949.3,1633.9,stare,"kampania 1, przeglad reczny 2026-09-16"
J1817-3837,2,2.5932,0.0641,-0.1387,0.1198,-0.05349,0.04622,1022.2,1541.2,auto,"wsad 2026-09-17, przeszedl bramki automatyczne"
J1819+1305,2,13.3531,0.1866,0.2640,0.2261,0.01977,0.01693,949.5,1631.1,przeglad,"wsad 2026-09-17, przeglad sladow mu: czyste po odrzuceniu pikow"
J1819-0925,2,4.2988,0.2836,-0.1942,0.2520,-0.04518,0.05870,1022.0,1539.8,przeglad,"wsad 2026-09-17, przeglad sladow mu: czyste po odrzuceniach"
J1822+0705,2,7.7614,0.1207,-0.9387,0.1694,-0.12094,0.02191,949.5,1634.6,stare,"kampania 1, przeglad reczny 2026-09-16"
J1823+0550,2,13.9400,0.0620,0.8437,0.1240,0.06052,0.00890,949.5,1630.8,stare,"kampania 1, przeglad reczny 2026-09-16"
J1824-0127,2,2.9799,0.1625,0.9604,0.4011,0.32229,0.13574,949.3,1645.8,stare,"kampania 1, przeglad reczny 2026-09-16"
J1825+0004,2,5.1356,0.1383,-0.1738,0.2692,-0.03384,0.05243,949.5,1632.7,auto,"wsad 2026-09-17, przeszedl bramki automatyczne"
J1825-0935,2,2.6090,0.1910,0.5134,0.3035,0.19678,0.11722,1022.7,1540.5,stare,"kampania 1, przeglad reczny 2026-09-16"
J1827-0750,3,39.1149,0.4490,-1.3835,0.7617,-0.03537,0.01948,1022.8,1522.6,stare,"kampania 1, przeglad reczny 2026-09-16"
J1833-0338,2,3.9610,0.1617,0.0958,0.3179,0.02419,0.08026,1022.5,1541.1,auto,"wsad 2026-09-17, przeszedl bramki automatyczne"
J1834-0426,4,95.9001,0.1140,1.3126,0.1580,0.01369,0.00165,1022.7,1541.0,stare,"kampania 1, przeglad reczny 2026-09-16"
J1834-1202,2,29.3188,0.1015,-0.9045,0.1751,-0.03085,0.00597,1022.7,1541.0,stare,"kampania 1, przeglad reczny 2026-09-16"
J1836-0436,2,7.0458,0.0713,-1.7609,0.1427,-0.24992,0.02041,1022.7,1541.0,przeglad,"wsad 2026-09-17, przeglad sladow mu: oba pasma spojnie przesuniete zwezenie realne"
J1837+1221,2,3.1799,0.1190,0.6202,0.2266,0.19504,0.07163,949.5,1629.9,przeglad,"wsad 2026-09-17, przeglad sladow mu: blue plaskie red z umiarkowanym rozrzutem"
J1838+1650,2,9.5293,0.1108,0.0800,0.1806,0.00840,0.01895,949.5,1635.1,przeglad,"wsad 2026-09-17, przeglad sladow mu: bardzo czyste 521 i 495"
J1840-0809,2,5.5696,0.1044,0.4405,0.1236,0.07909,0.02224,1022.3,1541.0,stare,"kampania 1, przeglad reczny 2026-09-16"
J1842-0359,2,45.1645,0.5641,-3.7882,0.1678,-0.08388,0.00386,1023.1,1541.0,stare,"kampania 1, przeglad reczny 2026-09-16"
J1843-0000,2,5.5461,0.1067,-0.1015,0.0718,-0.01830,0.01295,1022.5,1537.9,przeglad,"wsad 2026-09-17, przeglad sladow mu: stabilne 515 i 500"
J1843-0459,2,16.7473,0.1721,2.0381,0.3442,0.12170,0.02059,1022.6,1539.9,stare,"kampania 1, przeglad reczny 2026-09-16"
J1844-0433,2,1.9625,0.1257,-0.1744,0.0897,-0.08887,0.04606,1022.8,1512.1,przeglad,"wsad 2026-09-17, przeglad sladow mu: czyste 503 i 497"
J1847-0402,2,8.0826,0.0389,1.0735,0.0442,0.13282,0.00551,1022.3,1541.0,stare,"kampania 1, przeglad reczny 2026-09-16"
J1848-1150,2,2.5807,0.1047,-0.0689,0.0804,-0.02670,0.03117,949.5,1635.1,auto,"wsad 2026-09-17, przeszedl bramki automatyczne"
J1850+0026,2,21.6284,0.1693,-0.7924,0.1873,-0.03664,0.00866,1022.7,1541.0,stare,"kampania 1, przeglad reczny 2026-09-16"
J1852-0635,3,50.4978,0.2567,-3.4820,0.1053,-0.06895,0.00211,1023.2,1541.0,stare,"kampania 1, przeglad reczny 2026-09-16"
J1900-2600,2,13.8569,0.1923,0.1199,0.1315,0.00865,0.00949,1022.9,1541.0,stare,"kampania 1, przeglad reczny 2026-09-16"
J1900-7951,2,4.2250,0.0731,-0.1493,0.1502,-0.03534,0.03556,949.5,1631.4,przeglad,"wsad 2026-09-17, przeglad sladow mu: plaskie po odrzuceniu pulsu 1"
J1901+0716,2,5.6621,0.1428,0.0128,0.1298,0.00226,0.02292,1022.2,1541.0,stare,"kampania 1, przeglad reczny 2026-09-16"
J1901-0906,2,7.4411,0.0277,-0.2857,0.0506,-0.03839,0.00680,1022.2,1540.8,stare,"kampania 1, przeglad reczny 2026-09-16"
J1903+0135,2,3.8956,0.1424,0.1033,0.2370,0.02652,0.06085,1022.3,1541.0,auto,"wsad 2026-09-17, przeszedl bramki automatyczne"
J1904-1224,2,3.7315,0.4278,0.8082,0.4298,0.21659,0.11783,949.5,1629.4,przeglad,"wsad 2026-09-17, przeglad sladow mu: stabilne po odrzuceniu pulsu 8"
J1909+0007,2,3.7235,0.0427,0.0010,0.0848,0.00027,0.02277,1022.4,1531.7,przeglad,"wsad 2026-09-17, przeglad sladow mu: slady stabilne rozdzielone 10 binow"
J1909+0254,2,3.7081,0.6337,0.1774,0.0737,0.04784,0.02149,1022.7,1515.1,przeglad,"wsad 2026-09-17, przeglad sladow mu: pozostale 12 pulsow czyste"
J1909+1102,2,7.7236,0.0509,-0.1974,0.0989,-0.02556,0.01281,1022.6,1541.0,stare,"kampania 1, przeglad reczny 2026-09-16"
J1910+0714,2,1.8324,0.0771,-0.0299,0.1523,-0.01632,0.08312,949.5,1630.9,auto,"wsad 2026-09-17, przeszedl bramki automatyczne"
J1910+0728,2,11.8435,0.1152,-0.8848,0.1333,-0.07471,0.01128,1022.4,1541.2,stare,"kampania 1, przeglad reczny 2026-09-16"
J1912+2104,2,5.4319,0.1025,0.2147,0.2049,0.03953,0.03773,949.3,1634.6,stare,"kampania 1, przeglad reczny 2026-09-16"
J1914+0219,2,6.2403,0.0935,-0.1718,0.1441,-0.02753,0.02310,1022.3,1539.9,stare,"kampania 1, przeglad reczny 2026-09-16"
J1914+1122,2,7.1800,0.1073,0.0404,0.2063,0.00563,0.02873,949.8,1632.3,stare,"kampania 1, przeglad reczny 2026-09-16"
J1915+0227,2,16.0946,0.3228,0.5686,0.5316,0.03533,0.03304,949.3,1629.6,przeglad,"wsad 2026-09-17, przeglad sladow mu: czyste po odrzuceniach"
J1915+1009,2,3.6838,0.0730,-0.1404,0.1514,-0.03811,0.04111,1022.8,1540.9,przeglad,"wsad 2026-09-17, przeglad sladow mu: czyste 522 i 512"
J1915+1647,2,4.4909,0.0835,-0.2498,0.1100,-0.05562,0.02452,949.5,1630.9,przeglad,"wsad 2026-09-17, przeglad sladow mu: czyste 517 i 505"
J1918+1444,2,2.5048,0.0902,-0.0302,0.0398,-0.01206,0.01590,1022.7,1537.8,auto,"wsad 2026-09-17, przeszedl bramki automatyczne"
J1919+0134,2,6.8783,0.3105,-0.5994,0.0601,-0.08714,0.00958,1073.9,1463.4,stare,"kampania 1, przeglad reczny 2026-09-16"
J1919+1745,2,9.2613,0.0448,-0.5755,0.0352,-0.06214,0.00381,949.3,1630.4,stare,"kampania 1, przeglad reczny 2026-09-16"
J1921+1948,2,24.9985,0.5297,-0.2262,0.9710,-0.00905,0.03884,1022.5,1537.0,auto,"wsad 2026-09-17, przeszedl bramki automatyczne"
J1921+2003,2,13.5325,0.1584,-1.2667,0.2287,-0.09360,0.01694,949.3,1630.5,stare,"kampania 1, przeglad reczny 2026-09-16"
J1921+2153,2,5.4335,0.0298,0.0748,0.0327,0.01377,0.00602,950.2,1629.9,auto,"wsad 2026-09-17, przeszedl bramki automatyczne"
J1922+1733,2,7.4749,0.6538,-1.9883,0.6239,-0.26600,0.08665,1022.2,1541.0,stare,"kampania 1, przeglad reczny 2026-09-16"
J1926-0652,2,37.7046,0.3716,-0.9148,0.5264,-0.02426,0.01396,1021.7,1538.9,przeglad,"wsad 2026-09-17, przeglad sladow mu: czyste po odrzuceniach"
J1927+1852,2,9.0333,0.5908,-1.0103,0.3986,-0.11184,0.04473,949.5,1630.7,auto,"wsad 2026-09-17, przeszedl bramki automatyczne"
J1927+2234,2,6.2661,0.1831,-0.2871,0.2588,-0.04582,0.04132,949.8,1629.0,przeglad,"wsad 2026-09-17, przeglad sladow mu: czyste 529 i 510"
J1932+2220,2,2.4126,0.0570,0.0732,0.1090,0.03034,0.04519,949.3,1630.2,auto,"wsad 2026-09-17, przeszedl bramki automatyczne"
J1933+1304,2,8.4113,0.0375,-0.1423,0.0322,-0.01692,0.00383,949.3,1630.0,stare,"kampania 1, przeglad reczny 2026-09-16"
J1943+0609,2,5.8918,0.1720,0.3453,0.3810,0.05861,0.06469,1021.6,1539.8,auto,"wsad 2026-09-17, przeszedl bramki automatyczne"
J1945-0040,2,10.2518,0.2376,-0.7394,0.3747,-0.07212,0.03659,1021.5,1539.2,przeglad,"wsad 2026-09-17, przeglad sladow mu: czyste 525 i 496"
J2037+1942,2,3.1246,0.1033,0.0150,0.1152,0.00480,0.03687,949.5,1628.6,stare,"kampania 1, przeglad reczny 2026-09-16"
J2046+1540,2,7.6515,0.0762,-0.1129,0.0549,-0.01476,0.00718,1022.3,1534.5,stare,"kampania 1, przeglad reczny 2026-09-16"
J2046-0421,2,1.9141,0.1341,-0.0176,0.0632,-0.00919,0.03302,1022.5,1537.6,przeglad,"wsad 2026-09-17, przeglad sladow mu: czyste plaskie slady"
J2053-7200,2,15.2566,0.1582,-1.7670,0.1985,-0.11582,0.01307,1022.7,1540.0,stare,"kampania 1, przeglad reczny 2026-09-16"
J2139+2242,2,5.3826,0.4187,-0.1671,0.0758,-0.03104,0.01429,949.5,1627.3,przeglad,"wsad 2026-09-17, przeglad sladow mu: dryf z zawinieciem P3 przy pulsie 11 ale oba pasma zgodne"
J2307+2225,2,3.4710,0.1234,-0.5181,0.2441,-0.14927,0.07053,949.8,1625.2,auto,"wsad 2026-09-17, przeszedl bramki automatyczne"
